No;Kode_Barang;Nama_Barang;Lantai;Nama_Ruangan;NUP;Merek_Tipe;Tahun_Perolehan;Penguasaan;Jumlah_Barang;Keterangan
1;3.05.02.01.003;Kursi Direksi;1;Aula;R.1.01;;2011;FST;4;BAIK
2;3.05.02.01.003;Kursi Besi/Metal Chitose;1;Aula;R.1.01;;2011;FST;120;BAIK
3;3.05.02.01.008;Meja 1/2 Biro;1;Aula;R.1.01;;2011;FST;3;BAIK
4;3.05.02.04.002;Dispenser;1;Aula;R.1.01;;2015;FST;1;BAIK
5;3.05.02.01.003;Galon;1;Aula;R.1.01;;2015;FST;1;BAIK
6;3.05.02.04.002;AC Berdiri;1;Aula;R.1.01;Daikin;2021;FST;2;BAIK
7;3.05.02.01.003;Pot Bunga;1;Aula;R.1.01;;2021;FST;9;BAIK
8;3.05.02.04.002;Mimbar;1;Aula;R.1.01;;2021;FST;1;BAIK
9;3.05.02.04.002;Standing Breaket;1;Aula;R.1.01;50UR8050PSB;2023;FST;2;BAIK
10;3.05.02.04.004;Running Text;1;Aula;R.1.01;;;FST;1;BAIK
11;3.05.02.04.004;AC;1;Aula;R.1.01;Panasonic;2006;FST;1;BAIK
12;3.05.02.04.002;Sound System;1;Aula;R.1.01;GMC;2021;FST;1;BAIK
13;3.05.02.04.002;TV ;1;Aula;R.1.01;;2023;FST;2;BAIK
14;3100102999;Shofa;1;Aula;R.1.01;;;FST;2 Set;BAIK
15;3050201008;Meja Rapim;1;Aula;R.1.01;;2024;FST;8;BAIK
16;3.05.02.01.003;Kursi Besi Biro Direksi;1;Tata Usaha;R.1.02;;2011;FST;8;BAIK
17;3.05.01.04.001;Lemari Besi;1;Tata Usaha;R.1.02;Barata;2011;FST;1;BAIK
18;3.05.01.04.001;Lemari Besi/Kaca;1;Tata Usaha;R.1.02;Cubic;2011;FST;7;BAIK
19;3.05.01.04.002;Lemari Kayu;1;Tata Usaha;R.1.02;;2010;FST;2;BAIK
20;2.05.02.004.001;Loker Besi ;1;Tata Usaha;R.1.02;Barata/Innola;2018;FST;4;BAIK
21;3.05.02.01.003;Meja 1/2 Biro;1;Tata Usaha;R.1.02;;2011;FST;6;BAIK
22;3.10.01.02.001;PC Unit Komputer;1;Tata Usaha;R.1.02;;2017;FST;8;BAIK
23;3.10.02.030.007;Printer Hp Laserjet;1;Tata Usaha;R.1.02;;2008;FST;6;BAIK
24;3.10.02.030.007;Printer Epson;1;Tata Usaha;R.1.02;;2009;FST;1;BAIK
25;3.08.01.20.999;Jam Dinding;1;Tata Usaha;R.1.02;;2011;FST;1;BAIK
26;3.05.02.01.003;Meja Kecil;1;Tata Usaha;R.1.02;;2011;FST;2;BAIK
27;3.05.02.01.009;Meja Komputer;1;Tata Usaha;R.1.02;;2009;FST;2;BAIK
28;3.09.04.04.011;Camera;1;Tata Usaha;R.1.02;;2011;FST;1;BAIK
29;3.10.02.030.007;Printer Epson;1;Tata Usaha;R.1.02;;2011;FST;1;BAIK
30;3.05.02.04.004;AC Split;1;Tata Usaha;R.1.02;LG & Panasonic;2009;FST;3;BAIK
31;3.10.02.04.002;TP Link/Router;1;Tata Usaha;R.1.02;TP Link;2009;FST;3;BAIK
32;3.05.01.05.007;Wireless Portable;1;Tata Usaha;R.1.02;;2010;FST;1;BAIK
33;3.05.01.05.007;Decorder CCTV;1;Tata Usaha;R.1.02;;2010;FST;1;BAIK
34;3.05.01.05.007;CCTV;1;Tata Usaha;R.1.02;;2010;FST;1;BAIK
35;3.05.02.06.002;TV;1;Tata Usaha;R.1.02;;2011;FST;3;BAIK
36;3.05.02.01.003;Kursi Besi Hadap Hijau;1;Tata Usaha;R.1.02;;2011;FST;4;BAIK
37;3.05.01.04.004;Rak Kayu;1;Tata Usaha;R.1.02;;2011;FST;1;BAIK
38;3.05.01.04.005;Filling Kabinet Besi;1;Tata Usaha;R.1.02;;2014;FST;5;BAIK
39;3.05.02.04.006;Kipas Angin Duduk;1;Tata Usaha;R.1.02;;2018;FST;1;BAIK
40;3.06.01.02.042;Rak Kecil;1;Tata Usaha;R.1.02;;2010;FST;1;BAIK
41;;Dispenser;1;Tata Usaha;R.1.02;;;FST;2;BAIK
42;;Galon Air;1;Tata Usaha;R.1.02;;;FST;2;BAIK
43;3.05.01.04.002;Laci Biro;1;Tata Usaha;R.1.02;;2010;FST;1;BAIK
44;3.05.01.04.002;Lemari Kayu Kaca;1;Tata Usaha;R.1.02;;2010;FST;1;BAIK
45;3.05.02.01.003;Meja Kecil;1;Tata Usaha;R.1.02;;2011;FST;3;BAIK
46;3.05.02.01.003;Kursi Besi/Metal Chitose;1;Tata Usaha;R.1.02;;2011;FST;10;BAIK
47;3.05.02.01.022;Partisi / Skat Meja Staf;1;Tata Usaha;R.1.02;;2017;FST;4;BAIK
48;3050201002;Meja Costum;1;Tata Usaha;R.1.02;;2023;FST;1;BAIK
49;3050206007;Speaker Outdoor;1;Tata Usaha;R.1.02;Asatron;2023;FST;1;BAIK
50;3100102999;Vacum Cleaner;1;Tata Usaha;R.1.02;AXIOO i5 8 GB DDR 4 SSD 500 GB;2023;FST;1;BAIK
51;3100102999;PC Desktop;1;Tata Usaha;R.1.02;ES-02 Kabag;2023;FST;2;BAIK
52;3100102999;Meja Kerja Kabag;1;Tata Usaha;R.1.02;KIP-02;2023;FST;1;BAIK
53;3100102999;Kursi Kabag;1;Tata Usaha;R.1.02;SGL-01;2023;FST;2;BAIK
54;3100102999;Meja Kerja Single 140;1;Tata Usaha;R.1.02;;2023;FST;2;BAIK
55;3100102999;Sofa Kayu;1;Tata Usaha;R.1.02;;;FST;1 Set;BAIK
56;3100203003;Printer;1;Tata Usaha;R.1.02;EPSON L3211;2024;FST;1;BAIK
57;3100203003;Printer;1;Tata Usaha;R.1.02;EPSON L3211;2024;FST;1;BAIK
58;3100203003;Printer;1;Tata Usaha;R.1.02;EPSON L3211;2024;FST;1;BAIK
59;3100203003;Printer;1;Tata Usaha;R.1.02;EPSON L3211;2024;FST;1;BAIK
60;3100203003;Printer;1;Tata Usaha;R.1.02;EPSON L3211;2024;FST;1;BAIK
61;3050105061;Penghancur Kertas;1;Tata Usaha;R.1.02;DELI 995;2024;FST;1;BAIK
62;310023004;Scanner ;1;Tata Usaha;R.1.02;EPSON WORK FORCE DS1630 ADF 3;2024;FST;2;BAIK
63;310023004;Scanner ;1;Tata Usaha;R.1.02;SP WF ES-60W;2024;FST;2;BAIK
64;3100102002;Laptop ;1;Tata Usaha;R.1.02;Asus A409JB-EK501T;2024;FST;1;BAIK
65;3100102002;Laptop ;1;Tata Usaha;R.1.02;Asus A409JB-EK501T;2024;FST;1;BAIK
66;3100102002;Laptop ;1;Tata Usaha;R.1.02;Asus A409JB-EK501T;2024;FST;1;BAIK
67;3.05.02.01.002;Meja Kerja 1/2 Biro ;1;SMART CLASS;R.1.03;Kayu;2014;FST;1.0;BAIK
68;3.05.02.01.003;Kursi Direksi;1;SMART CLASS;R.1.03;;2011;FST;1.0;BAIK
69;3.05.01.05.010;White Board Baru;1;SMART CLASS;R.1.03;;2024;PUSAT;1.0;BAIK
70;3.05.02.01.003;Kursi Kuliah;1;SMART CLASS;R.1.03;Innola;2014;FST;46.0;BAIK
71;3.05.02.01.002;Meja Rapat Bundar ;1;SMART CLASS;R.1.03;;2019;FST;1.0;BAIK
72;3.05.01.05.007;CCTV;1;SMART CLASS;R.1.03;SPC;2019;FST;1.0;BAIK
73;3.05.02.04.004;AC;1;SMART CLASS;R.1.03;Daikin;2016;FST;1.0;BAIK
74;3.05.02.06.002;TV;1;SMART CLASS;R.1.03;Samsung;2011;FST;1.0;BAIK
75;3.05.02.01.002;Meja 1/2 Biro;1;LAB. RISET DAN RESIDENSI;R.1.04;;2011;FST;1.0;BAIK
76;3.10.02.03.001;CPU;1;LAB. RISET DAN RESIDENSI;R.1.04;;2016;FST;20.0;BAIK
77;3.10.02.03.002;Monitor;1;LAB. RISET DAN RESIDENSI;R.1.04;;2016;FST;24.0;BAIK
78;3.05.02.01.009;Meja Komputer;1;LAB. RISET DAN RESIDENSI;R.1.04;;2016;FST;21.0;BAIK
79;3.05.02.01.003;Kursi Besi/Chitose;1;LAB. RISET DAN RESIDENSI;R.1.04;Ataka;2011;FST;2.0;BAIK
80;3.05.02.01.003;Kursi Kuliah;1;LAB. RISET DAN RESIDENSI;R.1.04;Innola;2014;FST;46.0;BAIK
81;3.05.01.05.010;White Board Baru;1;LAB. RISET DAN RESIDENSI;R.1.04;;2023;PUSAT;1.0;BAIK
82;3.05.02.04.004;AC Split 2 PK.;1;LAB. RISET DAN RESIDENSI;R.1.04;Daikin;2016;FST;2.0;BAIK
83;3.05.01.05.010;White Board;1;LAB. RISET DAN RESIDENSI;R.1.04;;2011;FST;1.0;BAIK
84;3.05.02.01.003;Lemari Kaca;1;LAB. JURUSAN ELEKTRO;R.1.05;;2006;FST;2.0;BAIK
85;3.05.01.04.001;Lemari Besi;1;LAB. JURUSAN ELEKTRO;R.1.05;;2006;FST;1.0;BAIK
86;3.05.01.04.001;Lemari Arsip;1;LAB. JURUSAN ELEKTRO;R.1.05;;2006;FST;1.0;BAIK
87;3.05.01.04.002;Lemari Kayu;1;LAB. JURUSAN ELEKTRO;R.1.05;;2006;FST;1.0;BAIK
88;2.05.02.004.001;Meja Kaca;1;LAB. JURUSAN ELEKTRO;R.1.05;;2006;FST;4.0;BAIK
89;3.05.02.01.003;CPU PC;1;LAB. JURUSAN ELEKTRO;R.1.05;Dazumba;2011;FST;4.0;BAIK
90;3.10.01.02.001;CPU PC;1;LAB. JURUSAN ELEKTRO;R.1.05;HP;2011;FST;5.0;BAIK
91;3.10.02.030.007;Monitor;1;LAB. JURUSAN ELEKTRO;R.1.05;HP;2011;FST;1.0;BAIK
92;3.10.02.030.007;Printer;1;LAB. JURUSAN ELEKTRO;R.1.05;HP;2011;FST;1.0;BAIK
93;3.08.01.20.999;Monitor;1;LAB. JURUSAN ELEKTRO;R.1.05;LG;2012;FST;1.0;BAIK
94;3.05.02.01.003;Monitor;1;LAB. JURUSAN ELEKTRO;R.1.05;Philips;2013;FST;5.0;BAIK
95;3.05.02.01.009;Air Conditioning Split;1;LAB. JURUSAN ELEKTRO;R.1.05;Panasonic;2013;FST;1.0;BAIK
96;3.09.04.04.011;Meja Bundar;1;LAB. JURUSAN ELEKTRO;R.1.05;;2016;FST;1.0;BAIK
97;3.10.02.030.007;Printer;1;LAB. JURUSAN ELEKTRO;R.1.05;Epson L3110;2019;FST;1.0;BAIK
98;3.05.02.04.004;Crimping Tool RJ45;1;LAB. JURUSAN ELEKTRO;R.1.05;Belden AP100007;2022;FST;1.0;BAIK
99;3.10.02.04.002;Meja Kayu;1;LAB. JURUSAN ELEKTRO;R.1.05;Custome;2023;FST;1.0;BAIK
100;3.05.01.05.007;TV;1;LAB. JURUSAN ELEKTRO;R.1.05;LG 55UP7550;2023;FST;1.0;BAIK
101;3.05.01.05.007;Monitor;1;LAB. JURUSAN ELEKTRO;R.1.05;Asus;2023;FST;1.0;BAIK
102;3.05.01.05.007;PC;1;LAB. JURUSAN ELEKTRO;R.1.05;Asus;2023;FST;1.0;BAIK
103;3.05.02.01.002;Meja 1/2 Biro;1;RUANG KULIAH;R.1.06;;2011;FST;1.0;BAIK
104;3.05.02.06.002;"Televisi/TV. 46""";1;RUANG KULIAH;R.1.06;Samsung;2011;FST;1.0;BAIK
105;3.05.02.01.003;Kursi Kuliah;1;RUANG KULIAH;R.1.06;Innola;2014;FST;44.0;BAIK
106;3.05.02.01.003;Kursi Besi/Chitose;1;RUANG KULIAH;R.1.06;Ataka;2011;FST;1.0;BAIK
107;3.05.01.05.010;White Board Baru;1;RUANG KULIAH;R.1.06;;2024;PUSAT;1.0;BAIK
108;3.05.02.04.004;AC Split 2 PK.;1;RUANG KULIAH;R.1.06;Daikin;2016;FST;1.0;BAIK
109;3.05.01.05.007;CCTV;1;RUANG KULIAH;R.1.06;SPC;2019;FST;1.0;BAIK
110;3.05.02.01.001;CPU;1;PERPUSTAKAAN;R.1.07;CPU;2011;FST;1.0;BAIK
111;3.05.02.01.002;Monitor;1;PERPUSTAKAAN;R.1.07;HP/Acer;2011;FST;1.0;BAIK
112;3.05.02.01.001;PC Dekstop;1;PERPUSTAKAAN;R.1.07;AXIOO i3 256GB;2023;FST;1.0;BAIK
113;3.05.02.01.002;Televisi /TV;1;PERPUSTAKAAN;R.1.07;"LG 32""";2011;FST;1.0;BAIK
114;3050104001;Lemari besi sliding kaca;1;PERPUSTAKAAN;R.1.07;;2023;FST;1.0;BAIK
115;3.05.02.01.001;CCTV;1;PERPUSTAKAAN;R.1.07;SPC;2011;FST;2.0;BAIK
116;3100102999;PC Desktop;1;PERPUSTAKAAN;R.1.07;AXIOO i3 8 GB DDR 4 SSD 256 GB;2023;FST;1.0;BAIK
117;3050204004;AC FST ;1;PERPUSTAKAAN;R.1.07;FLOOR STAND 2 PK;2024;FST;1.0;BAIK
118;3.05.02.01.002;Tempat Tidur Kecil;1;IRJEN;R.1.08;;2014;FST;1;BAIK
119;3.05.02.06.002;Meja 1/2 Biro;1;IRJEN;R.1.08;;2018;FST;1;BAIK
120;3.05.02.01.003;Kursi Direksi;1;IRJEN;R.1.08;;2018;FST;1;BAIK
121;3.05.02.01.003;Kursi Besi/Chitose;1;IRJEN;R.1.08;;2018;FST;4;BAIK
122;3.05.01.05.010;Shofa ;1;IRJEN;R.1.08;;2018;FST;2 Set;BAIK
123;3050204004;AC Split 2 PK.;1;IRJEN;R.1.08;;2018;FST;1;BAIK
124;3100102999;Monitor;1;IRJEN;R.1.08;;2018;FST;1;BAIK
125;3100102999;CPU;1;IRJEN;R.1.08;;2018;FST;2;BAIK
126;3050203005;Air Purifier;1;IRJEN;R.1.08;;2024;FST;3;BAIK
127;3.05.02.01.008;Meja 1/2 Biro;1;KETUA TAHFIDZ;R.1.09;Kayu;2014;FST;2.0;BAIK
128;3.05.02.01.003;Kursi Besi Direksi;1;KETUA TAHFIDZ;R.1.09;;2011;FST;2.0;BAIK
129;3.05.01.04.005;Filling Kabinet;1;KETUA TAHFIDZ;R.1.09;Innola/Barata;2014;FST;2.0;BAIK
130;3.05.01.04.001;Loker;1;KETUA TAHFIDZ;R.1.09;Innola ;2018;FST;1.0;BAIK
131;3.05.02.04.004;AC Split;1;KETUA TAHFIDZ;R.1.09;Panasonic;2009;FST;1.0;BAIK
132;3.05.02.01.003;Kursi Besi Hijau;1;KETUA TAHFIDZ;R.1.09;;2019;FST;9.0;BAIK
133;3.05.02.01.008;Meja Kecil;1;KETUA TAHFIDZ;R.1.09;;2014;FST;1.0;BAIK
134;;Cpu;1;KETUA TAHFIDZ;R.1.09;;2019;FST;1.0;BAIK
135;3.10.02.03.002;Monitor;1;KETUA TAHFIDZ;R.1.09;;2016;FST;1.0;BAIK
136;;APC;1;KETUA TAHFIDZ;R.1.09;Super Fact;2019;FST;2.0;BAIK
137;3.10.02.030.007;Printer;1;KETUA TAHFIDZ;R.1.09;LaserJet P1102;2019;FST;1.0;BAIK
138;3.05.02.04.004;Air Cooler;1;KETUA TAHFIDZ;R.1.09;;2023;FST;1.0;BAIK
139;3.05.02.06.002;TV;1;KETUA TAHFIDZ;R.1.09;LG 32 Inc;2011;FST;1.0;BAIK
140;3.05.01.05.010;White Board Baru;1;KETUA TAHFIDZ;R.1.09;;2023;PUSAT;1.0;BAIK
141;3.05.01.04.001;Loker;1;KETUA LAB;R.1.10;Innola;2018;FST;1.0;BAIK
142;3.05.01.04.002;Lemari Kayu Kaca;1;KETUA LAB;R.1.10;;2014;FST;1.0;BAIK
143;3.05.02.01.002;Meja Kerja 1/2 Biro ;1;KETUA LAB;R.1.10;Kayu;2014;FST;2.0;BAIK
144;3.05.02.01.003;Kursi Besi Direksi;1;KETUA LAB;R.1.10;;2017;FST;1.0;BAIK
145;;Dispenser;1;KETUA LAB;R.1.10;;2016;FST;1.0;BAIK
146;;Galon;1;KETUA LAB;R.1.10;UIN;2016;FST;1.0;BAIK
147;3.05.01.04.005;Filling Kabinet;1;KETUA LAB;R.1.10;Barata;2018;FST;1.0;BAIK
148;3.10.01.02.001;Computer All in One;1;KETUA LAB;R.1.10;HP ;2018;FST;2.0;BAIK
149;3.10.02.03.003;Printer Epson;1;KETUA LAB;R.1.10;Epson;2018;FST;1.0;BAIK
150;3.05.02.04.004;AC Split;1;KETUA LAB;R.1.10;Panasonic;2018;FST;1.0;BAIK
151;;Infocus;1;KETUA LAB;R.1.10;;2023;FST;1.0;BAIK
152;;Lemari Es;1;KETUA LAB;R.1.10;;2023;FST;1.0;BAIK
153;3.05.01.04.001;Loker;1;LORONG DAN RESEPSIONIS;R.1.11;Innola;2018;FST;7.0;BAIK
154;3.05.01.04.002;Lemari Kayu Kaca;1;LORONG DAN RESEPSIONIS;R.1.11;;2014;FST;1.0;BAIK
155;3.05.02.01.002;Meja Costum ;1;LORONG DAN RESEPSIONIS;R.1.11;Kayu;2023;FST;3.0;BAIK
156;3.05.02.01.003;Kursi Besi 1/2 Direksi;1;LORONG DAN RESEPSIONIS;R.1.11;;2017;FST;1.0;BAIK
157;;Dispenser;1;LORONG DAN RESEPSIONIS;R.1.11;;2016;FST;1.0;BAIK
158;;Galon;1;LORONG DAN RESEPSIONIS;R.1.11;UIN;2016;FST;1.0;BAIK
159;3.05.01.04.005;Filling Kabinet;1;LORONG DAN RESEPSIONIS;R.1.11;Barata;2018;FST;1.0;BAIK
160;3.10.01.02.001;Computer All in One;1;LORONG DAN RESEPSIONIS;R.1.11;HP ;2018;FST;3.0;BAIK
161;3.10.02.03.003;Printer Epson;1;LORONG DAN RESEPSIONIS;R.1.11;Epson;2018;FST;1.0;BAIK
162;3050201003;Kursi Tunggu;1;LORONG DAN RESEPSIONIS;R.1.11;Steel;2018;FST;6.0;BAIK
163;3050201003;Kursi Tunggu;1;LORONG DAN RESEPSIONIS;R.1.11;Steel;2023;FST;1.0;BAIK
164;3050201008;Meja Tenis Meja;1;LORONG DAN RESEPSIONIS;R.1.11;;2024;FST;1.0;BAIK
165;3070204001;Sepeda Statis;1;LORONG DAN RESEPSIONIS;R.1.11;IRENBORN PLUX;2024;FST;1.0;BAIK
166;3190103010;Threadmill;1;LORONG DAN RESEPSIONIS;R.1.11;IRENBORN PARIS;2024;FST;1.0;BAIK
167;;Standing Peta;1;LORONG DAN RESEPSIONIS;R.1.11;;2024;FST;1.0;BAIK
168;;Petunjuk Indoor dan Outdoor FST;1;LORONG DAN RESEPSIONIS;R.1.11;;2024;FST;2.0;BAIK
169;3050105061;Papan Kawasan ZI;1;LORONG DAN RESEPSIONIS;R.1.11;;2024;FST;1.0;BAIK
170;;Lemari Kayu;2;DEKANAT;R.2.01;;2011;FST;3;BAIK
171;;Filling Kabinet;2;DEKANAT;R.2.01;;2007;FST;1;BAIK
172;;Meja Biro;2;DEKANAT;R.2.01;;2011;FST;1;BAIK
173;;Kursi Direksi;2;DEKANAT;R.2.01;;2011;FST;1;BAIK
174;;Kursi Direksi;2;DEKANAT;R.2.01;;2008;FST;3;BAIK
175;;Meja 1/2 Biro;2;DEKANAT;R.2.01;;2011;FST;5;BAIK
176;3.05.02.06.002;"TV LCD 32""";2;DEKANAT;R.2.01;;2011;FST;1;BAIK
177;;Printer;2;DEKANAT;R.2.01;HP 1102;2011;FST;1;BAIK
178;;Printer;2;DEKANAT;R.2.01;HP 2510;2011;FST;1;BAIK
179;;Kursi Sofa;2;DEKANAT;R.2.01;;2013;FST;1 Set;BAIK
180;3.10.02.01.001;Computer PC dan Intel Core i9;2;DEKANAT;R.2.01;Rakitan;2015;FST;2;BAIK
181;3.10.02.01.001;Monirtor;2;DEKANAT;R.2.01;Benq;2015;FST;1;BAIK
182;3.05.02.06.036;Dispenser;2;DEKANAT;R.2.01;;2015;FST;1;BAIK
183;;Jam Dinding;2;DEKANAT;R.2.01;;2015;FST;3;BAIK
184;;Meja Sidang;2;DEKANAT;R.2.01;;2014;FST;2;BAIK
185;;Lemari Kayu;2;DEKANAT;R.2.01;;2015;FST;4;BAIK
186;3.05.01.05.048;Proyektor;2;DEKANAT;R.2.01;Apel;2015;FST;1;BAIK
187;3.10.01.02.002;Laptop;2;DEKANAT;R.2.01;HP;2016;FST;5;BAIK
188;3.09.04.04.004;Digital Camera Mirroless 28;2;DEKANAT;R.2.01;;2021;FST;1;BAIK
189;3.09.04.04.004;Digital Camera Mirroless 18;2;DEKANAT;R.2.01;;2021;FST;1;BAIK
190;3.09.04.04.004;WEBCAM 1080px;2;DEKANAT;R.2.01;;2021;FST;1;BAIK
191;3.15.04.06.013;Wireless Microphone;2;DEKANAT;R.2.01;;2021;FST;1;BAIK
192;3.06.01.02.045;Aumunium Tripod;2;DEKANAT;R.2.01;;2021;FST;1;BAIK
193;3.06.01.02.045;Carbon Tripod;2;DEKANAT;R.2.01;;2021;FST;2;BAIK
194;3.10.01.02.002;Samsung Galaxy Tab S7 ;2;DEKANAT;R.2.01;Samsung;2021;FST;5;BAIK
195;3.08.01.63.002;UPS 2000VA/1300 W;2;DEKANAT;R.2.01;UPS;2021;FST;2;BAIK
196;3.10.01.02.002;Printer Smart HP HP Pro 200 G4;2;DEKANAT;R.2.01;HP;2021;FST;1;BAIK
197;3.10.01.02.002;Printer HP INC HP ENVY X360;2;DEKANAT;R.2.01;HP;2021;FST;1;BAIK
198;3.05.01.99.999;Micro SD Memory Card 128 GB;2;DEKANAT;R.2.01;SSD;2022;FST;2;BAIK
199;3.09.04.04.004;Webcam NYK Nemesis A96 Severus;2;DEKANAT;R.2.01;NYK;2022;FST;1;BAIK
200;3.10.01.02.002;Lenovo Desktop Idea Centre ;2;DEKANAT;R.2.01;Lenovo07IAB7;2022;FST;1;BAIK
201;3.05.01.04.005;Filling Cabinet;2;DEKANAT;R.2.01;Alba;2022;FST;2;BAIK
202;3.05.02.01.003;Kursi Besi/Chitose;2;DEKANAT;R.2.01;Ataka;2011;FST;33;BAIK
203;3.10.01.02.002;Samsung Galaxy Tab S7 Plus;2;DEKANAT;R.2.01;Samsung;2021;FST;2;BAIK
204;;white Board;2;DEKANAT;R.2.01;;;FST;3;BAIK
205;3.04.01.04.015;Loker Besi;2;DEKANAT;R.2.01;;2020;FST;1;BAIK
206;;Lemari Besi Sliding;2;DEKANAT;R.2.01;;;FST;1;BAIK
207;;TV LED 60 Inch;2;DEKANAT;R.2.01;;;FST;1;BAIK
208;;Lemari Kayu;2;DEKANAT;R.2.01;;;FST;3;BAIK
209;;AC;2;DEKANAT;R.2.01;;;FST;5;BAIK
210;;Meja Komputer;2;DEKANAT;R.2.01;;;FST;1;BAIK
211;;Kulkas;2;DEKANAT;R.2.01;HP 1102;;FST;1;BAIK
212;3100102002;Laptop Dekan;2;DEKANAT;R.2.01;ZENBOOK FLIP 13 OLED ;2024;FST;1;BAIK
213;3100102002;Laptop Pimpinan ;2;DEKANAT;R.2.01;MSI GF63i7 1265,H;2024;FST;1;BAIK
214;3100102002;Laptop Pimpinan ;2;DEKANAT;R.2.01;MSI GF63i7 1265,H;2024;FST;1;BAIK
215;3100102002;Laptop Pimpinan ;2;DEKANAT;R.2.01;MSI GF63i7 1265,H;2024;FST;1;BAIK
216;3100102002;Laptop;2;DEKANAT;R.2.01;Asus A409JB-EK501T;2024;FST;1;BAIK
217;3.05.02.01.002;Meja Kerja 1/2 Biro ;2;JURUSAN TEKNIK ELEKTRO;R.2.02;;2014;FST;8;BAIK
218;3.05.02.01.003;Kursi Besi Kerja;2;JURUSAN TEKNIK ELEKTRO;R.2.02;;2017;FST;14;BAIK
219;3.05.02.04.002;Lemari Buku Kayu;2;JURUSAN TEKNIK ELEKTRO;R.2.02;;2016;FST;2;BAIK
220;;Lemari Besi;2;JURUSAN TEKNIK ELEKTRO;R.2.02;;2014;FST;4;BAIK
221;3.05.02.01.001;CPU;2;JURUSAN TEKNIK ELEKTRO;R.2.02;;2011;FST;4;BAIK
222;3.05.02.01.002;Monitor;2;JURUSAN TEKNIK ELEKTRO;R.2.02;;2011;FST;4;BAIK
223;3.10.02.03.003;Printer;2;JURUSAN TEKNIK ELEKTRO;R.2.02;;2011;FST;1;BAIK
224;3.05.02.01.002;Televisi /TV;2;JURUSAN TEKNIK ELEKTRO;R.2.02;HP 1102;2011;FST;1;BAIK
225;3.05.02.04.004;AC Split;2;JURUSAN TEKNIK ELEKTRO;R.2.02;HP 2510;2016;FST;2;BAIK
226;;Meja Komputer;2;JURUSAN TEKNIK ELEKTRO;R.2.02;;2011;FST;2;BAIK
227;3.05.01.04.005;Filling Kabinet;2;JURUSAN TEKNIK ELEKTRO;R.2.02;Rakitan;2016;FST;2;BAIK
228;;White Board;2;JURUSAN TEKNIK ELEKTRO;R.2.02;Benq;2011;FST;2;BAIK
229;3.05.02.06.036;Dispenser;2;JURUSAN TEKNIK ELEKTRO;R.2.02;;2014;FST;1;BAIK
230;3.05.02.99.009;Galon;2;JURUSAN TEKNIK ELEKTRO;R.2.02;;2017;FST;1;BAIK
231;;Kursi Direksi;2;JURUSAN TEKNIK ELEKTRO;R.2.02;;2017;FST;8;BAIK
232;3.10.01.02.002;Lap Top;2;JURUSAN TEKNIK ELEKTRO;R.2.02;;2021;FST;1;BAIK
233;3.05.01.05.048;LCD Projector/Infocus;2;JURUSAN TEKNIK ELEKTRO;R.2.02;Apel;2021;FST;1;BAIK
234;3.10.01.02.002;Lap Top;2;JURUSAN TEKNIK ELEKTRO;R.2.02;HP;2021;FST;2;BAIK
235;3.08.01.63.002;Elektronik/Electric Lainnya;2;JURUSAN TEKNIK ELEKTRO;R.2.02;;2021;FST;2;BAIK
236;3.15.04.06.013;Earth Meter;2;JURUSAN TEKNIK ELEKTRO;R.2.02;;2021;FST;5;BAIK
237;3.16.01.01.999;Alat Peraga Pelatihan Lainnya;2;JURUSAN TEKNIK ELEKTRO;R.2.02;;2021;FST;3;BAIK
238;3.16.01.01.999;Alat Peraga Pelatihan Lainnya;2;JURUSAN TEKNIK ELEKTRO;R.2.02;;2021;FST;3;BAIK
239;3.05.02.01.002;"LG Smart TV 55""";2;JURUSAN TEKNIK ELEKTRO;R.2.02;;2022;FST;1;BAIK
240;3.05.01.05.048;Infocus Projector;2;JURUSAN TEKNIK ELEKTRO;R.2.02;;2022;FST;1;BAIK
241;3.06.01.99.999;DJI Drone Mavic Mini 2 Basic;2;JURUSAN TEKNIK ELEKTRO;R.2.02;Samsung;2022;FST;1;BAIK
242;;Kabinet Pantri;2;JURUSAN TEKNIK ELEKTRO;R.2.02;UPS;2023;FST;1;BAIK
243;;Meja Layanan;2;JURUSAN TEKNIK ELEKTRO;R.2.02;HP;2023;FST;1;BAIK
244;;Smart TV;2;JURUSAN TEKNIK ELEKTRO;R.2.02;HP;2023;FST;1;BAIK
245;;Sofa Custome;2;JURUSAN TEKNIK ELEKTRO;R.2.02;SSD;2023;FST;1 Set;BAIK
246;;Meja Rapat;2;JURUSAN TEKNIK ELEKTRO;R.2.02;NYK;2023;FST;1;BAIK
247;3160101999;Servo Trainer;2;JURUSAN TEKNIK ELEKTRO;R.2.02;Lenovo 3 07IAB7;2023;FST;1;BAIK
248;;AC 2,5 PK;2;JURUSAN TEKNIK ELEKTRO;R.2.02;Alba;2023;FST;1;BAIK
249;;PH Meter Portabel Digital;2;JURUSAN TEKNIK ELEKTRO;R.2.02;Ataka;2023;FST;1;BAIK
250;;PC Desktop;2;JURUSAN TEKNIK ELEKTRO;R.2.02;Samsung;2023;FST;4;BAIK
251;;Meja Rak;2;JURUSAN TEKNIK ELEKTRO;R.2.02;;2023;FST;1;BAIK
252;3050204004;AC FST;2;JURUSAN TEKNIK ELEKTRO;R.2.02;FLOOR STAND 2 PK;2024;FST;1;BAIK
253;3.05.02.01.002;Meja Kerja;2;JURUSAN AGROTEKNOLOGI;R.2.03;;2006;FST;12.0;BAIK
254;3.05.02.01.002;Meja Kecil;2;JURUSAN AGROTEKNOLOGI;R.2.03;;2006;FST;1.0;BAIK
255;3.05.02.01.003;Kursi Direktur;2;JURUSAN AGROTEKNOLOGI;R.2.03;Dankha;2006;FST;4.0;BAIK
256;3.05.02.01.003;Kursi Chitose;2;JURUSAN AGROTEKNOLOGI;R.2.03;Artaka;2006;FST;24.0;BAIK
257;3.05.02.04.002;Lemari Buku Kayu;2;JURUSAN AGROTEKNOLOGI;R.2.03;;2006;FST;2.0;BAIK
258;3.10.02.01.001;CPU;2;JURUSAN AGROTEKNOLOGI;R.2.03;;2006;FST;1.0;BAIK
259;3.10.02.01.002;Monitor;2;JURUSAN AGROTEKNOLOGI;R.2.03;;2006;FST;1.0;BAIK
260;3.10.02.01.003;Printer;2;JURUSAN AGROTEKNOLOGI;R.2.03;;2006;FST;1.0;BAIK
261;3.05.02.06.036;Dispenser;2;JURUSAN AGROTEKNOLOGI;R.2.03;Kirin;2006;FST;1.0;BAIK
262;3.05.02.99.009;Galon Air;2;JURUSAN AGROTEKNOLOGI;R.2.03;Al-Masoem;2006;FST;1.0;BAIK
263;3.05.02.04.015;Loker;2;JURUSAN AGROTEKNOLOGI;R.2.03;Ellite;2006;FST;4.0;BAIK
264;3.05.01.05.048;LCD Proyektor;2;JURUSAN AGROTEKNOLOGI;R.2.03;;2006;FST;1.0;BAIK
265;3.05.02.04.004;AC;2;JURUSAN AGROTEKNOLOGI;R.2.03;Panasonic;2006;FST;2.0;BAIK
266;;Wifi-Router;2;JURUSAN AGROTEKNOLOGI;R.2.03;Link;2014;FST;1.0;BAIK
267;;Router;2;JURUSAN AGROTEKNOLOGI;R.2.03;Link;2014;FST;1.0;BAIK
268;;AC Dududk;2;JURUSAN AGROTEKNOLOGI;R.2.03;;2014;FST;1.0;BAIK
269;3.05.01.04.005;Lemari Besi;2;JURUSAN AGROTEKNOLOGI;R.2.03;;2020;FST;2.0;BAIK
270;3.10.02.01.001;"LED TV 55""";2;JURUSAN AGROTEKNOLOGI;R.2.03;;2021;FST;1.0;BAIK
271;;Lemari Kayu Kecil;2;JURUSAN AGROTEKNOLOGI;R.2.03;;2010;FST;1.0;BAIK
272;3.05.02.01.002;Meja Kerja 1/2 Biro ;2;JURUSAN KIMIA;R.2.04;Kayu;2014;FST;6.0;BAIK
273;3.05.02.01.003;Kursi Kerja;2;JURUSAN KIMIA;R.2.04;Ataka;2017;FST;15.0;BAIK
274;3.05.02.04.002;Lemari Buku Kayu;2;JURUSAN KIMIA;R.2.04;Kayu;2016;FST;2.0;BAIK
275;3.05.02.01.001;CPU;2;JURUSAN KIMIA;R.2.04;CPU/Lenovo;2022;FST;1.0;BAIK
276;3.05.02.01.002;Monitor;2;JURUSAN KIMIA;R.2.04;Lenovo;2022;FST;1.0;BAIK
277;3.10.02.03.003;Printer;2;JURUSAN KIMIA;R.2.04;EPSON L310;2017;FST;1.0;BAIK
278;3.05.02.01.002;Televisi /TV;2;JURUSAN KIMIA;R.2.04;"LG 40""";2023;FST;1.0;BAIK
279;3.05.02.04.004;AC Split;2;JURUSAN KIMIA;R.2.04;Panasonic;2016;FST;2.0;BAIK
280;;Meja Komputer;2;JURUSAN KIMIA;R.2.04;Olimpic;2011;FST;3.0;BAIK
281;3.05.01.04.005;Filling Kabinet;2;JURUSAN KIMIA;R.2.04;Barata/Ellite;2016;FST;1.0;BAIK
282;;White Board;2;JURUSAN KIMIA;R.2.04;Mantari;2011;FST;1.0;BAIK
283;3.05.02.06.036;Dispenser;2;JURUSAN KIMIA;R.2.04;Lokal/Miyako;2014;FST;1.0;BAIK
284;3.05.02.99.009;Galon;2;JURUSAN KIMIA;R.2.04;SGD;2017;FST;1.0;BAIK
285;3.16.01.01.999;Microliter Centrifuge Mikro;2;JURUSAN KIMIA;R.2.04;;2021;FST;1.0;BAIK
286;3.08.01.16.006;Automatic Pipet Set;2;JURUSAN KIMIA;R.2.04;Mikropipete;2021;FST;1.0;BAIK
287;3.08.01.16.006;O-Ring for Standart Tank Valve Face;2;JURUSAN KIMIA;R.2.04;With O-Ring 4 pcs;2021;FST;1.0;BAIK
288;3.08.01.13.999;Ultrasonic Cleaner (Alat Ukur Universal);2;JURUSAN KIMIA;R.2.04;Sonic VGT-1730QT;2021;FST;1.0;BAIK
289;3.08.01.49.015;Deep Freezer (Alat Laboratorium Kimia);2;JURUSAN KIMIA;R.2.04;GEA;2021;FST;1.0;BAIK
290;3.08.01.13.023;Vacuum Filter Holder 47 Mm;2;JURUSAN KIMIA;R.2.04;Membrane Filter;2021;FST;1.0;BAIK
291;3.05.02.06.002;Televisi;2;JURUSAN KIMIA;R.2.04;Samsung 32 inch;2021;FST;1.0;BAIK
292;3.15.04.06.013;LCR Meter;2;JURUSAN KIMIA;R.2.04;Applent  LC Meter AT825;2021;FST;1.0;BAIK
293;3.15.04.06.013;Micropipette 50-200 UI;2;JURUSAN KIMIA;R.2.04;Dragonlab Top Pette Sigle ;2021;FST;1.0;BAIK
294;3.08.01.13.023;Chest Freezer;2;JURUSAN KIMIA;R.2.04;GEA;2021;FST;1.0;BAIK
295;;Microwave;2;JURUSAN KIMIA;R.2.04;Sharp;2022;FST;1.0;BAIK
296;3.05.02.01.003;Kursi Chitose;2;JURUSAN KIMIA;R.2.04;Ataka;2017;FST;1.0;BAIK
297;3.05.02.01.002;Meja Kecil;2;JURUSAN KIMIA;R.2.04;;2010;FST;1.0;BAIK
298;;Sound System;2;JURUSAN KIMIA;R.2.04;Dat;2022;FST;1.0;BAIK
299;3.04.01.04.015;Loker Besi;2;JURUSAN KIMIA;R.2.04;Innola & Elite;2020;FST;3.0;BAIK
300;3050204001;Kulkas;2;JURUSAN KIMIA;R.2.04;Polytron;2022;FST;1.0;BAIK
301;3.05.02.04.002;Lemari Penyimpanan Kecil;2;JURUSAN KIMIA;R.2.04;;2014;FST;1.0;BAIK
302;3.05.02.04.002;Lemari Kaca;2;JURUSAN KIMIA;R.2.04;;2017;FST;2.0;BAIK
303;3.10.02.03.003;Printer;2;JURUSAN KIMIA;R.2.04;EPSON L5190;2023;FST;1.0;BAIK
304;3.10.02.03.003;Filter Cartridge;2;JURUSAN KIMIA;R.2.04;;2023;FST;1.0;BAIK
305;;Gradient Thermal Cycler;2;JURUSAN KIMIA;R.2.04;;2023;FST;1.0;BAIK
306;3.05.02.01.002;Meja Panjang Kajur;2;JURUSAN MATEMATIKA;R.2.05;;2014;FST;1;BAIK
307;3.05.02.01.002;Meja Berkas Kajur;2;JURUSAN MATEMATIKA;R.2.05;;2014;FST;1;BAIK
308;3.10.02.01.003;Printer;2;JURUSAN MATEMATIKA;R.2.05;HP/Epson;2011;FST;3;BAIK
309;;Scaner;2;JURUSAN MATEMATIKA;R.2.05;HP Scanjet ;2011;FST;1;BAIK
310;3.10.02.01.002;Monitor;2;JURUSAN MATEMATIKA;R.2.05;Votre;2012;FST;2;BAIK
311;3.10.02.01.001;CPU;2;JURUSAN MATEMATIKA;R.2.05;Casing Sami;2012;FST;1;BAIK
312;3.05.02.04.002;Lemari Kayu;2;JURUSAN MATEMATIKA;R.2.05;Expo;2012;FST;4;BAIK
313;3.05.02.04.004;AC Split;2;JURUSAN MATEMATIKA;R.2.05;Panasonic;2012;FST;2;BAIK
314;3.05.02.01.002;"Televisi/TV 55""";2;JURUSAN MATEMATIKA;R.2.05;SHARP;2019;FST;1;BAIK
315;;White Board;2;JURUSAN MATEMATIKA;R.2.05;;2012;FST;2;BAIK
316;3.05.02.06.036;Dispenser;2;JURUSAN MATEMATIKA;R.2.05;Asatron;2014;FST;1;BAIK
317;;Laptop Putih;2;JURUSAN MATEMATIKA;R.2.05;Sany VAIO;2014;FST;1;BAIK
318;3.05.02.01.003;Kursi Direksi;2;JURUSAN MATEMATIKA;R.2.05;;2014;FST;2;BAIK
319;;Galon Air;2;JURUSAN MATEMATIKA;R.2.05;;2014;FST;2;BAIK
320;;Jam Dinding;2;JURUSAN MATEMATIKA;R.2.05;Quartz;2014;FST;2;BAIK
321;3.05.02.06.002;Televisi;2;JURUSAN MATEMATIKA;R.2.05;Samsung 75 inch 75HT690U;2021;FST;1;BAIK
322;3.10.02.04.002;Router;2;JURUSAN MATEMATIKA;R.2.05;ASUS RT-AX82U (Wifi;2021;FST;1;BAIK
323;3.08.01.11.059;Vacuum Cleaner;2;JURUSAN MATEMATIKA;R.2.05;Vacum Cleaner;2021;FST;1;BAIK
324;;Meja Dosen;2;JURUSAN MATEMATIKA;R.2.05;;2022;FST;4 Set;BAIK
325;;Meja Layanan;2;JURUSAN MATEMATIKA;R.2.05;;2022;FST;3;BAIK
326;;Kursi Roll Putar;2;JURUSAN MATEMATIKA;R.2.05;;2022;FST;22;BAIK
327;;Kursi Besi Chitos;2;JURUSAN MATEMATIKA;R.2.05;;2014;FST;13;BAIK
328;;Komputer PC;2;JURUSAN MATEMATIKA;R.2.05;Apple;2019;FST;1;BAIK
329;3.04.01.04.015;Loker Besi;2;JURUSAN MATEMATIKA;R.2.05;;2020;FST;4;BAIK
330;;Pilling Kabinet;2;JURUSAN MATEMATIKA;R.2.05;;2010;FST;3;BAIK
331;3050204001;Kulkas;2;JURUSAN MATEMATIKA;R.2.05;;2023;FST;1;BAIK
332;;Penghancur Kertas;2;JURUSAN MATEMATIKA;R.2.05;;2023;FST;1;BAIK
333;;CPU;2;JURUSAN MATEMATIKA;R.2.05;Paradox;2018;FST;1;BAIK
334;;AC Seplit;2;JURUSAN MATEMATIKA;R.2.05;Daikin;2019;FST;1;BAIK
335;3.05.02.01.002;Meja Kerja 1/2 Biro ;2;JURUSAN FISIKA;R.2.06;Kayu;2014;FST;11.0;BAIK
336;3.05.02.01.003;Kursi Besi Kerja;2;JURUSAN FISIKA;R.2.06;Artaka;2017;FST;10.0;BAIK
337;;Lemari Besi Sliding;2;JURUSAN FISIKA;R.2.06;Innola;2014;FST;4.0;BAIK
338;3.05.02.01.001;CPU;2;JURUSAN FISIKA;R.2.06;CPU;2011;FST;4.0;BAIK
339;3.05.02.01.002;Monitor;2;JURUSAN FISIKA;R.2.06;HP/Acer;2011;FST;4.0;BAIK
340;3.10.02.03.003;Printer;2;JURUSAN FISIKA;R.2.06;HP;2011;FST;3.0;BAIK
341;3.05.02.04.004;AC Split;2;JURUSAN FISIKA;R.2.06;LG;2016;FST;2.0;BAIK
342;3.05.01.04.005;Filling Kabinet;2;JURUSAN FISIKA;R.2.06;Barata/Ellite;2016;FST;2.0;BAIK
343;3.05.02.06.036;Dispenser;2;JURUSAN FISIKA;R.2.06;Lokal;2014;FST;1.0;BAIK
344;3.05.02.99.009;Galon;2;JURUSAN FISIKA;R.2.06;Al-Masoem;2017;FST;1.0;BAIK
345;3.10.01.02.002;Lap Top;2;JURUSAN FISIKA;R.2.06;HP 240 G7 NB UMA i5;2021;FST;4.0;BAIK
346;3.09.04.04.004;Camera Electronic;2;JURUSAN FISIKA;R.2.06;Logitech Webcam;2021;FST;1.0;BAIK
347;3.10.01.02.002;Tablet PC;2;JURUSAN FISIKA;R.2.06;Samsung Tab S6;2021;FST;1.0;BAIK
348;3.10.02.99.999;Peralatan Komputer Lainnya;2;JURUSAN FISIKA;R.2.06;Logitech BCC950;2021;FST;1.0;BAIK
349;3.10.01.02.002;Lap Top;2;JURUSAN FISIKA;R.2.06;Lenovo Notebook;2021;FST;1.0;BAIK
350;3100102002;Mac Book Air M1 259GB;2;JURUSAN FISIKA;R.2.06;;2022;FST;1.0;BAIK
351;3.05.01.99.999;LED TV 65AU7000 Cristal;2;JURUSAN FISIKA;R.2.06; Samsung;2022;FST;1.0;BAIK
352;3.05.01.05.048;Toolkit Modulus Younk;2;JURUSAN FISIKA;R.2.06;;2022;FST;2.0;BAIK
353;;Meja Rapat;2;JURUSAN FISIKA;R.2.06;;2022;FST;1.0;BAIK
354;3.04.01.04.015;Loker Besi;2;JURUSAN FISIKA;R.2.06;;2020;FST;2.0;BAIK
355;3050204001;Kulkas;2;JURUSAN FISIKA;R.2.06;Polytrin;2023;FST;1.0;BAIK
356;;Lemari Kayu Sliding;2;JURUSAN FISIKA;R.2.06;;2014;FST;1.0;BAIK
357;;Lemari Kecil;2;JURUSAN FISIKA;R.2.06;;2011;FST;1.0;BAIK
358;3.05.02.04.004;AC (Laboratorium Fisika);2;JURUSAN FISIKA;R.2.06;FLOOR STAND 2 PK;2024;FST;1.0;BAIK
359;3.05.02.01.002;Meja Kerja 1/2 Biro ;2;JURUSAN BIOLOGI;R.2.07;Kayu;2014;FST;14.0;BAIK
360;3.05.02.01.003;Kursi Besi Kerja;2;JURUSAN BIOLOGI;R.2.07;Artaka;2017;FST;24.0;BAIK
361;3.05.02.04.002;Lemari Buku Kayu;2;JURUSAN BIOLOGI;R.2.07;Kayu;2016;FST;1.0;BAIK
362;;Lemari Besi;2;JURUSAN BIOLOGI;R.2.07;Innola;2014;FST;1.0;BAIK
363;3.05.02.01.001;CPU;2;JURUSAN BIOLOGI;R.2.07;CPU;2011;FST;1.0;BAIK
364;3.05.02.01.002;Monitor;2;JURUSAN BIOLOGI;R.2.07;HP/Acer;2011;FST;1.0;BAIK
365;3.10.02.03.003;Printer;2;JURUSAN BIOLOGI;R.2.07;HP;2011;FST;1.0;BAIK
366;3.05.02.01.002;Televisi /TV;2;JURUSAN BIOLOGI;R.2.07;"LG 32""";2011;FST;1.0;BAIK
367;3.05.02.04.004;AC Split;2;JURUSAN BIOLOGI;R.2.07;Panasonic;2016;FST;4.0;BAIK
368;3.05.01.04.005;Filling Kabinet;2;JURUSAN BIOLOGI;R.2.07;Barata/Ellite;2016;FST;3.0;BAIK
369;3.05.02.06.036;Dispenser;2;JURUSAN BIOLOGI;R.2.07;Lokal;2014;FST;1.0;BAIK
370;3.05.02.99.009;Galon;2;JURUSAN BIOLOGI;R.2.07;Al-Masoem;2017;FST;1.0;BAIK
371;;Kursi Direksi;2;JURUSAN BIOLOGI;R.2.07;;2017;FST;3.0;BAIK
372;3050104001;Lemari Besi Sliding;2;JURUSAN BIOLOGI;R.2.07;;2019;FST;1.0;BAIK
373;;AC;2;JURUSAN BIOLOGI;R.2.07;Panasonic;2023;FST;1.0;BAIK
374;3.04.01.04.015;Loker Besi;2;JURUSAN BIOLOGI;R.2.07;;2020;FST;2.0;BAIK
375;;Lemari Kaca Buku;2;JURUSAN BIOLOGI;R.2.07;;2018;FST;5.0;BAIK
376;;Rak Buku;2;JURUSAN BIOLOGI;R.2.07;;2016;FST;2.0;BAIK
377;;Rak Kecil;2;JURUSAN BIOLOGI;R.2.07;;2015;FST;1.0;BAIK
378;;Mini PCR;2;JURUSAN BIOLOGI;R.2.07;;2023;FST;1.0;BAIK
379;;Meja Komputer Kayu;2;JURUSAN BIOLOGI;R.2.07;;2010;FST;1.0;BAIK
380;;CCTV;2;JURUSAN BIOLOGI;R.2.07;;2018;FST;1.0;BAIK
381;3.05.02.01.002;Meja Kerja 1/2 Biro ;2;TEKNIK INFORMATIKA;R.2.08;Kayu;2014;FST;8.0;BAIK
382;3.05.02.01.003;Kursi Besi Kerja;2;TEKNIK INFORMATIKA;R.2.08;Artaka;2017;FST;37.0;BAIK
383;3.05.02.01.999;Meja Biro;2;TEKNIK INFORMATIKA;R.2.08;;2017;FST;1.0;BAIK
384;3.05.02.04.002;Lemari Besi Sliding;2;TEKNIK INFORMATIKA;R.2.08;Innola;2014;FST;2.0;BAIK
385;3.05.02.01.001;CPU;2;TEKNIK INFORMATIKA;R.2.08;CPU;2011;FST;7.0;BAIK
386;3.05.02.01.002;Monitor;2;TEKNIK INFORMATIKA;R.2.08;HP/Acer;2011;FST;6.0;BAIK
387;3.10.02.03.003;Printer;2;TEKNIK INFORMATIKA;R.2.08;HP;2011;FST;1.0;BAIK
388;3.05.02.04.004;AC Split;2;TEKNIK INFORMATIKA;R.2.08;LG;2016;FST;5.0;BAIK
389;3.05.02.06.036;Dispenser;2;TEKNIK INFORMATIKA;R.2.08;Lokal;2014;FST;1.0;BAIK
390;3.05.02.99.009;Galon;2;TEKNIK INFORMATIKA;R.2.08;Al-Masoem;2017;FST;1.0;BAIK
391;3.05.02.01.003;Kursi Direksi;2;TEKNIK INFORMATIKA;R.2.08;;2017;FST;2.0;BAIK
392;3.05.01.05.048;LCD Projector/Infocus;2;TEKNIK INFORMATIKA;R.2.08;Infocus IN134;2021;FST;3.0;BAIK
393;3.10.01.02.002;Display;2;TEKNIK INFORMATIKA;R.2.08;Touchscreen Display;2021;FST;2.0;BAIK
394;3.05.02.01.999;Meja Resepsionis;2;TEKNIK INFORMATIKA;R.2.08;Meja Resepsionis;2021;FST;1.0;BAIK
395;3.05.02.01.999;Meja Kerja Kayu;2;TEKNIK INFORMATIKA;R.2.08;Meja Custom;2021;FST;1.0;BAIK
396;3.08.01.63.002;Lemari Kayu;2;TEKNIK INFORMATIKA;R.2.08;Lemari custom +walldoor;2021;FST;1.0;BAIK
397;3.08.01.63.002;Board Display;2;TEKNIK INFORMATIKA;R.2.08;GLASSBOARD Custom;2021;FST;2.0;BAIK
398;3.10.02.04.001;Rak Kayu;2;TEKNIK INFORMATIKA;R.2.08;Rak Buku Custom;2021;FST;1.0;BAIK
399;3.05.02.01.005;Sice;2;TEKNIK INFORMATIKA;R.2.08;Meja Kursi Sofa Teknik;2021;FST;3.0;BAIK
400;3.05.02.04.001;Lemari Es;2;TEKNIK INFORMATIKA;R.2.08;Kulkas;2021;FST;1.0;BAIK
401;3100102002;Mac Book Air M1 ;2;TEKNIK INFORMATIKA;R.2.08;259GB-Space Gray;2022;FST;1.0;BAIK
402;3.10.02.03.017;Galaxi Tab S8 Plus;2;TEKNIK INFORMATIKA;R.2.08;SSD;2022;FST;2.0;BAIK
403;3.05.02.01.999;Meja Biro;2;TEKNIK INFORMATIKA;R.2.08;;2016;FST;1.0;BAIK
404;;Printer;2;TEKNIK INFORMATIKA;R.2.08;Epson;2020;FST;2.0;BAIK
405;3.05.02.04.002;Lemari Besi Sliding;2;TEKNIK INFORMATIKA;R.2.08;;2018;FST;1.0;BAIK
406;3.04.01.04.015;Loker Besi;2;TEKNIK INFORMATIKA;R.2.08;;2020;FST;2.0;BAIK
407;3.05.02.04.004;Air Cooller;2;TEKNIK INFORMATIKA;R.2.08;;2014;FST;1.0;BAIK
408;3.05.02.01.002;"TV 60""";2;TEKNIK INFORMATIKA;R.2.08;Samsung;2020;FST;1.0;BAIK
409;;CCTV;2;TEKNIK INFORMATIKA;R.2.08;;2018;FST;1.0;BAIK
410;3.10.02.03.003;Scanner;2;TEKNIK INFORMATIKA;R.2.08;;2016;FST;2.0;BAIK
411;3050201002;Meja Kursi Custom;2;TEKNIK INFORMATIKA;R.2.08;;2024;FST;1.0;BAIK
412;3.05.02.01.002;Meja 1/2 Biro;3;RUANG KULIAH;R.3.01;;2011;FST;1.0;BAIK
413;3.05.02.06.002;"Televisi/TV. 46""";3;RUANG KULIAH;R.3.01;Samsung;2011;FST;1.0;BAIK
414;3.05.02.01.003;Kursi Kuliah;3;RUANG KULIAH;R.3.01;Innola;2014;FST;45.0;BAIK
415;3.05.02.01.003;Kursi Besi/Chitose;3;RUANG KULIAH;R.3.01;Ataka;2011;FST;1.0;BAIK
416;3.05.01.05.010;White Board;3;RUANG KULIAH;R.3.01;;2011;PUSAT;1.0;BAIK
417;3.05.02.04.004;AC;3;RUANG KULIAH;R.3.01;Sharp;2016;FST;1.0;BAIK
418;3.05.01.05.007;CCTV;3;RUANG KULIAH;R.3.01;SPC;2019;PUSAT;1.0;BAIK
419;3.05.01.05.010;White Board Baru;3;RUANG KULIAH;R.3.01;;2024;PUSAT;1.0;BAIK
420;3.05.02.01.002;Meja 1/2 Biro;3;RUANG KULIAH;R.3.02;;2011;FST;1.0;BAIK
421;3.05.02.06.002;"Televisi/TV. 46""";3;RUANG KULIAH;R.3.02;Samsung;2011;FST;1.0;BAIK
422;3.05.02.01.003;Kursi Kuliah;3;RUANG KULIAH;R.3.02;Innola;2014;FST;45.0;BAIK
423;3.05.02.01.003;Kursi Besi/Chitose;3;RUANG KULIAH;R.3.02;Ataka;2011;FST;1.0;BAIK
424;3.05.01.05.010;White Board Baru;3;RUANG KULIAH;R.3.02;;2024;PUSAT;1.0;BAIK
425;3.05.02.04.004;AC Split 2 PK.;3;RUANG KULIAH;R.3.02;Daikin;2016;FST;1.0;BAIK
426;3.05.01.05.007;CCTV;3;RUANG KULIAH;R.3.02;SPC;2019;PUSAT;1.0;BAIK
427;3.05.01.05.007;Componentes Wiriles;3;RUANG KULIAH;R.3.02;Ruckus;2014;PUSAT;1.0;BAIK
428;3.05.02.01.002;Meja 1/2 Biro;3;RUANG KULIAH;R.3.03;;2011;FST;1.0;BAIK
429;3.05.02.06.002;"Televisi/TV. 46""";3;RUANG KULIAH;R.3.03;Samsung;2011;FST;1.0;BAIK
430;3.05.02.01.003;Kursi Kuliah;3;RUANG KULIAH;R.3.03;Innola;2014;FST;45.0;BAIK
431;3.05.02.01.003;Kursi Besi/Chitose;3;RUANG KULIAH;R.3.03;Ataka;2011;FST;1.0;BAIK
432;3.05.01.05.010;White Board Baru;3;RUANG KULIAH;R.3.03;;2024;PUSAT;1.0;BAIK
433;3.05.02.04.004;AC Split 2 PK.;3;RUANG KULIAH;R.3.03;Daikin;2016;FST;1.0;BAIK
434;3.05.01.05.007;CCTV;3;RUANG KULIAH;R.3.03;SPC;2019;PUSAT;1.0;BAIK
435;3.05.01.05.007;Componentes Wiriles;3;RUANG KULIAH;R.3.03;Ruckus;2014;PUSAT;1.0;BAIK
436;3.05.02.01.002;Meja 1/2 Biro;3;RUANG KULIAH;R.3.04;;2011;FST;1.0;BAIK
437;3.05.02.06.002;"Televisi/TV. 46""";3;RUANG KULIAH;R.3.04;Samsung;2011;FST;1.0;BAIK
438;3.05.02.01.003;Kursi Kuliah;3;RUANG KULIAH;R.3.04;Innola;2014;FST;45.0;BAIK
439;3.05.02.01.003;Kursi Besi/Chitose;3;RUANG KULIAH;R.3.04;Ataka;2011;FST;1.0;BAIK
440;3.05.01.05.010;White Board Baru;3;RUANG KULIAH;R.3.04;;2024;PUSAT;1.0;BAIK
441;3.05.02.04.004;AC Split 2 PK.;3;RUANG KULIAH;R.3.04;Daikin;2016;FST;1.0;BAIK
442;3.05.01.05.007;CCTV;3;RUANG KULIAH;R.3.04;SPC;2019;PUSAT;1.0;BAIK
443;3.05.01.05.007;Componentes Wiriles;3;RUANG KULIAH;R.3.04;Ruckus;2014;PUSAT;1.0;BAIK
444;3.05.02.01.002;Meja 1/2 Biro;3;RUANG KULIAH;R.3.05;;2011;FST;1.0;BAIK
445;3.05.02.06.002;"Televisi/TV. 46""";3;RUANG KULIAH;R.3.05;Samsung;2011;FST;2.0;BAIK
446;3.05.02.01.003;Kursi Kuliah;3;RUANG KULIAH;R.3.05;Innola;2014;FST;45.0;BAIK
447;3.05.02.01.003;Kursi Besi/Chitose;3;RUANG KULIAH;R.3.05;Ataka;2011;FST;1.0;BAIK
448;3.05.01.05.010;White Board Baru;3;RUANG KULIAH;R.3.05;;2024;PUSAT;1.0;BAIK
449;3.05.02.04.004;AC Split 2 PK.;3;RUANG KULIAH;R.3.05;Daikin;2016;FST;2.0;BAIK
450;3.05.01.05.007;CCTV;3;RUANG KULIAH;R.3.05;SPC;2019;PUSAT;1.0;BAIK
451;3.05.01.05.007;Componentes Wiriles;3;RUANG KULIAH;R.3.05;Ruckus;2014;PUSAT;1.0;BAIK
452;3.05.01.05.007;Kursi Besi Atum;3;RUANG KULIAH;R.3.05;;2014;FST;10.0;BAIK
453;3.05.02.01.002;Meja 1/2 Biro;3;RUANG KULIAH;R.3.06;;2011;FST;1.0;BAIK
454;3.05.02.06.002;"Televisi/TV. 46""";3;RUANG KULIAH;R.3.06;Samsung;2011;FST;1.0;BAIK
455;3.05.02.01.003;Kursi Kuliah;3;RUANG KULIAH;R.3.06;Innola;2014;FST;45.0;BAIK
456;3.05.02.01.003;Kursi Besi/Chitose;3;RUANG KULIAH;R.3.06;Ataka;2011;FST;1.0;BAIK
457;3.05.01.05.010;White Board Baru;3;RUANG KULIAH;R.3.06;;2024;PUSAT;1.0;BAIK
458;3.05.02.04.004;AC Split 2 PK.;3;RUANG KULIAH;R.3.06;Daikin;2016;FST;1.0;BAIK
459;3.05.01.05.007;CCTV;3;RUANG KULIAH;R.3.06;SPC;2019;PUSAT;1.0;BAIK
460;3.05.02.01.002;Meja 1/2 Biro;3;RUANG KULIAH;R.3.07;;2011;FST;1.0;BAIK
461;3.05.02.06.002;"Televisi/TV. 46""";3;RUANG KULIAH;R.3.07;Samsung;2011;FST;1.0;BAIK
462;3.05.02.01.003;Kursi Kuliah;3;RUANG KULIAH;R.3.07;Innola;2014;FST;45.0;BAIK
463;3.05.02.01.003;Kursi Besi/Chitose;3;RUANG KULIAH;R.3.07;Ataka;2011;FST;1.0;BAIK
464;3.05.01.05.010;White Board Baru;3;RUANG KULIAH;R.3.07;;2024;PUSAT;1.0;BAIK
465;3.05.02.04.004;AC Split 2 PK.;3;RUANG KULIAH;R.3.07;Daikin;;FST;1.0;BAIK
466;3.05.02.01.002;Meja 1/2 Biro;3;RUANG KULIAH;R.3.08;;2011;FST;1.0;BAIK
467;3.05.02.06.002;"Televisi/TV. 46""";3;RUANG KULIAH;R.3.08;Samsung;2011;FST;1.0;BAIK
468;3.05.02.01.003;Kursi Kuliah;3;RUANG KULIAH;R.3.08;Innola;2014;FST;45.0;BAIK
469;3.05.02.01.003;Kursi Besi/Chitose;3;RUANG KULIAH;R.3.08;Ataka;2011;FST;1.0;BAIK
470;3.05.01.05.010;White Board Baru;3;RUANG KULIAH;R.3.08;;2024;PUSAT;1.0;BAIK
471;3.05.02.04.004;AC Split 2 PK.;3;RUANG KULIAH;R.3.08;Daikin;2016;FST;1.0;BAIK
472;3.05.01.05.007;CCTV;3;RUANG KULIAH;R.3.08;SPC;2019;PUSAT;1.0;BAIK
473;3.05.01.05.007;Componentes Wiriles;3;RUANG KULIAH;R.3.08;Ruckus;2014;PUSAT;1.0;BAIK
474;3.05.02.01.002;Meja 1/2 Biro;3;RUANG KULIAH;R.3.09;;2011;FST;1.0;BAIK
475;3.05.02.06.002;"Televisi/TV. 46""";3;RUANG KULIAH;R.3.09;Samsung;2011;FST;1.0;BAIK
476;3.05.02.01.003;Kursi Kuliah;3;RUANG KULIAH;R.3.09;Innola;2014;FST;45.0;BAIK
477;3.05.02.01.003;Kursi Besi/Chitose;3;RUANG KULIAH;R.3.09;Ataka;2011;FST;1.0;BAIK
478;3.05.01.05.010;White Board Baru;3;RUANG KULIAH;R.3.09;;2024;PUSAT;1.0;BAIK
479;3.05.02.04.004;AC Split 2 PK.;3;RUANG KULIAH;R.3.09;Daikin;2016;FST;1.0;BAIK
480;3.05.01.05.007;CCTV;3;RUANG KULIAH;R.3.09;SPC;2019;PUSAT;1.0;BAIK
481;3.05.01.05.007;Componentes Wiriles;3;RUANG KULIAH;R.3.09;Ruckus;2014;PUSAT;1.0;BAIK
482;3.05.02.01.002;Meja 1/2 Biro;3;RUANG KULIAH;R.3.10;;2011;FST;1.0;BAIK
483;3.05.02.06.002;"Televisi/TV. 46""";3;RUANG KULIAH;R.3.10;Samsung;2011;FST;1.0;BAIK
484;3.05.02.01.003;Kursi Kuliah;3;RUANG KULIAH;R.3.10;Innola;2014;FST;42.0;BAIK
485;3.05.02.01.003;Kursi Besi/Chitose;3;RUANG KULIAH;R.3.10;Ataka;2011;FST;1.0;BAIK
486;3.05.01.05.010;White Board Baru;3;RUANG KULIAH;R.3.10;;2024;FST;1.0;BAIK
487;3.05.02.04.004;AC Split 2 PK.;3;RUANG KULIAH;R.3.10;Sharp;2016;FST;2.0;BAIK
488;3.05.01.05.007;CCTV;3;RUANG KULIAH;R.3.10;SPC;2019;PUSAT;1.0;BAIK
489;;Componentes Wiriles;3;RUANG KULIAH;R.3.10;Ruckus;2014;FST;1.0;BAIK
490;3.05.02.01.002;Meja 1/2 Biro;3;RUANG KULIAH;R.3.11;;2011;FST;1.0;BAIK
491;3.05.02.06.002;"Televisi/TV. 46""";3;RUANG KULIAH;R.3.11;Samsung;2011;FST;1.0;BAIK
492;3.05.02.01.003;Kursi Kuliah;3;RUANG KULIAH;R.3.11;Innola;2014;FST;45.0;BAIK
493;3.05.02.01.003;Kursi Besi/Chitose;3;RUANG KULIAH;R.3.11;Ataka;2011;FST;1.0;BAIK
494;3.05.01.05.010;White Board Baru;3;RUANG KULIAH;R.3.11;;2024;FST;1.0;BAIK
495;3.05.02.04.004;AC Split 2 PK.;3;RUANG KULIAH;R.3.11;Sharp;2016;FST;2.0;BAIK
496;3.05.01.05.007;CCTV;3;RUANG KULIAH;R.3.11;SPC;2019;PUSAT;1.0;BAIK
497;3.05.02.01.002;Meja 1/2 Biro;3;RUANG KULIAH;R.3.12;;2011;FST;1.0;BAIK
498;3.05.02.06.002;"Televisi/TV. 46""";3;RUANG KULIAH;R.3.12;Samsung;2011;FST;1.0;BAIK
499;3.05.02.01.003;Kursi Kuliah;3;RUANG KULIAH;R.3.12;Innola;2014;FST;45.0;BAIK
500;3.05.02.01.003;Kursi Besi/Chitose;3;RUANG KULIAH;R.3.12;Ataka;2011;FST;1.0;BAIK
501;3.05.01.05.010;White Board Baru;3;RUANG KULIAH;R.3.12;;2024;FST;2.0;BAIK
502;3.05.02.04.004;AC Split 2 PK.;3;RUANG KULIAH;R.3.12;Sharp;2016;FST;1.0;BAIK
503;3.05.01.05.007;CCTV;3;RUANG KULIAH;R.3.12;SPC;2019;PUSAT;1.0;BAIK
504;;Componentes Wiriles;3;RUANG KULIAH;R.3.12;Ruckus;2014;FST;2.0;BAIK
505;3.05.01.05.010;White Board;3;RUANG KULIAH;R.3.12;;2011;FST;1.0;BAIK
506;3.05.02.04.004;AC FST;3;RUANG KULIAH;R.3.12;FLOOR STAND 2 PK;2024;FST;1.0;BAIK
507;3.05.02.01.002;Meja 1/2 Biro;4;RUANG KULIAH;R.4.01;;2011;FST;1;BAIK
508;3.05.02.06.002;"Televisi/TV. 46""";4;RUANG KULIAH;R.4.01;Samsung;2011;FST;1;BAIK
509;3.05.02.01.003;Kursi Kuliah;4;RUANG KULIAH;R.4.01;Innola;2014;FST;45;BAIK
510;3.05.02.01.003;Kursi Besi/Chitose;4;RUANG KULIAH;R.4.01;Ataka;2011;FST;1;BAIK
511;3.05.01.05.010;White Board;4;RUANG KULIAH;R.4.01;;2011;FST;1;BAIK
512;3.05.01.05.048;Infocus;4;RUANG KULIAH;R.4.01;Infocus;2009;FST;1;BAIK
513;3.05.02.04.004;AC;4;RUANG KULIAH;R.4.01;Panasonic;2016;FST;1;BAIK
514;3.05.01.05.048;Layar Infocus;4;RUANG KULIAH;R.4.01;Infocus;2009;FST;1;BAIK
515;3.05.01.05.007;CCTV;4;RUANG KULIAH;R.4.01;SPC;2019;FST;1;BAIK
516;3.05.01.05.007;Componentes Wiriles;4;RUANG KULIAH;R.4.01;Ruckus;2014;FST;1;BAIK
517;3.05.01.05.010;White Board Baru;4;RUANG KULIAH;R.4.01;;2024;PUSAT;1;BAIK
518;3.05.02.04.004;AC;4;RUANG KULIAH;R.4.01;Sharp;;FST;1;BAIK
519;3.05.02.01.003;Meja Biro;4;RUANG SIDANG;R.4.02;;2011;FST;2;BAIK
520;3.05.02.01.002;Kursi Besi/Chitose;4;RUANG SIDANG;R.4.02;Ataka;2011;FST;8;BAIK
521;3.05.02.01.002;Monitor;4;RUANG SIDANG;R.4.02;HP;2011;FST;21;BAIK
522;;CPU;4;RUANG SIDANG;R.4.02;HP;2011;FST;26;BAIK
523;3.05.01.05.048;Dispenser;4;RUANG SIDANG;R.4.02;;2020;FST;1;BAIK
524;3.05.02.04.004;Infocus;4;RUANG SIDANG;R.4.02;Infocus;2009;FST;1;BAIK
525;;AC Split 2 PK.;4;RUANG SIDANG;R.4.02;Daikin;2016;FST;2;BAIK
526;3.05.01.05.007;Kursi Dosen;4;RUANG SIDANG;R.4.02;;;FST;7;BAIK
527;;CCTV;4;RUANG SIDANG;R.4.02;SPC;2019;FST;1;BAIK
528;3.05.02.01.002;Componentes Wiriles;4;RUANG SIDANG;R.4.02;Ruckus;2014;FST;1;BAIK
529;3.05.02.01.002;Mouse ;4;RUANG SIDANG;R.4.02;HP;2011;FST;4;BAIK
530;3.05.02.01.002;Keyboard;4;RUANG SIDANG;R.4.02;;2011;FST;4;BAIK
531;;Meja 1/2 Biro;4;RUANG SIDANG;R.4.02;;2019;FST;7;BAIK
532;;Kursi Besi Dosen;4;RUANG SIDANG;R.4.02;;;FST;14;BAIK
533;;Plinter 1C3617;4;RUANG SIDANG;R.4.02;Brader;;FST;1;BAIK
534;;Printer M200;4;RUANG SIDANG;R.4.02;Epson;;FST;1;BAIK
535;;Loker Besi 6 Pintu;4;RUANG SIDANG;R.4.02;;;FST;3;BAIK
536;;Lemari Kaca Besar;4;RUANG SIDANG;R.4.02;;;FST;3;BAIK
537;;Rak Buku Besi;4;RUANG SIDANG;R.4.02;;;FST;6;BAIK
538;;Mesin Penghancur Kertas;4;RUANG SIDANG;R.4.02;;;FST;1;BAIK
539;;Printer 13150;4;RUANG SIDANG;R.4.02;Epson;;FST;1;BAIK
540;;Meja Komputer Panjang;4;LAB. DISTRIBUTED COMPUTING;R.4.03;Olimpic;2011;FST;13;BAIK
541;3.05.02.01.003;Kursi Besi/Chitose;4;LAB. DISTRIBUTED COMPUTING;R.4.03;Ataka;2011;FST;25;BAIK
542;3.05.02.01.002;Monitor;4;LAB. DISTRIBUTED COMPUTING;R.4.03;HP;2011;FST;25;BAIK
543;3.05.02.01.002;CPU;4;LAB. DISTRIBUTED COMPUTING;R.4.03;HP;2011;FST;25;BAIK
544;3.05.01.05.010;White Board;4;LAB. DISTRIBUTED COMPUTING;R.4.03;;2011;FST;1;BAIK
545;3.05.01.05.048;Infocus;4;LAB. DISTRIBUTED COMPUTING;R.4.03;Infocus;2009;FST;1;BAIK
546;3.05.02.04.004;AC Split 2 PK.;4;LAB. DISTRIBUTED COMPUTING;R.4.03;Panasonic;2016;FST;2;BAIK
547;3.05.01.05.048;Layar Infocus;4;LAB. DISTRIBUTED COMPUTING;R.4.03;Infocus;2009;FST;1;BAIK
548;3.05.01.05.007;CCTV;4;LAB. DISTRIBUTED COMPUTING;R.4.03;SPC;2019;FST;1;BAIK
549;3.05.01.05.007;Componentes Wiriles;4;LAB. DISTRIBUTED COMPUTING;R.4.03;Ruckus;2014;FST;1;BAIK
550;3.05.02.01.002;Mouse ;4;LAB. DISTRIBUTED COMPUTING;R.4.03;HP;2011;FST;25;BAIK
551;3.05.02.01.002;Keyboard;4;LAB. DISTRIBUTED COMPUTING;R.4.03;;2011;FST;25;BAIK
552;3.05.01.04.005;Lemari Besi 2 Pintu;4;LAB. DISTRIBUTED COMPUTING;R.4.03;Innola;2002;FST;1;BAIK
553;;Meja Komputer Panjang;4;LAB. DISTRIBUTED COMPUTING;R.4.03;Olimpic;2011;FST;13;BAIK
554;3.05.02.01.003;Kursi Besi/Chitose;4;LAB. DISTRIBUTED COMPUTING;R.4.03;Ataka;2011;FST;25;BAIK
555;3.05.02.01.002;Monitor;4;LAB. DISTRIBUTED COMPUTING;R.4.03;HP;2011;FST;25;BAIK
556;3.05.02.01.002;CPU;4;LAB. DISTRIBUTED COMPUTING;R.4.03;HP;2011;FST;25;BAIK
557;3.05.01.05.010;White Board;4;LAB. DISTRIBUTED COMPUTING;R.4.03;;2011;FST;1;BAIK
558;3.05.01.05.048;Infocus;4;LAB. DISTRIBUTED COMPUTING;R.4.03;Infocus;2009;FST;1;BAIK
559;3.05.02.04.004;AC Split 2 PK.;4;LAB. DISTRIBUTED COMPUTING;R.4.03;Panasonic;2016;FST;2;BAIK
560;3.05.01.05.048;Layar Infocus;4;LAB. DISTRIBUTED COMPUTING;R.4.03;Infocus;2009;FST;1;BAIK
561;3.05.01.05.007;CCTV;4;LAB. DISTRIBUTED COMPUTING;R.4.03;SPC;2019;FST;1;BAIK
562;3.05.01.05.007;Componentes Wiriles;4;LAB. DISTRIBUTED COMPUTING;R.4.03;Ruckus;2014;FST;1;BAIK
563;3.05.02.01.002;Mouse ;4;LAB. DISTRIBUTED COMPUTING;R.4.03;HP;2011;FST;25;BAIK
564;3.05.02.01.002;Keyboard;4;LAB. DISTRIBUTED COMPUTING;R.4.03;;2011;FST;25;BAIK
565;3.05.01.04.005;Lemari Besi 2 Pintu;4;LAB. DISTRIBUTED COMPUTING;R.4.03;Innola;2002;FST;1;BAIK
566;;Meja Komputer Panjang;4;LAB. KECERDASAN ARTIFISIAL;R.4.04;Olimpic;2011;FST;13;BAIK
567;3.05.02.01.003;Kursi Besi/Chitose;4;LAB. KECERDASAN ARTIFISIAL;R.4.04;Ataka;2011;FST;25;BAIK
568;3.05.02.01.002;Monitor;4;LAB. KECERDASAN ARTIFISIAL;R.4.04;HP;2011;FST;25;BAIK
569;3.05.02.01.002;CPU;4;LAB. KECERDASAN ARTIFISIAL;R.4.04;HP;2011;FST;25;BAIK
570;3.05.01.05.010;White Board;4;LAB. KECERDASAN ARTIFISIAL;R.4.04;;2011;FST;1;BAIK
571;3.05.01.05.048;Infocus;4;LAB. KECERDASAN ARTIFISIAL;R.4.04;Infocus;2009;FST;1;BAIK
572;3.05.02.04.004;AC Split 2 PK.;4;LAB. KECERDASAN ARTIFISIAL;R.4.04;Panasonic;2016;FST;2;BAIK
573;3.05.01.05.048;Layar Infocus;4;LAB. KECERDASAN ARTIFISIAL;R.4.04;Infocus;2009;FST;1;BAIK
574;3.05.01.05.007;CCTV;4;LAB. KECERDASAN ARTIFISIAL;R.4.04;SPC;2019;FST;1;BAIK
575;3.05.01.05.007;Componentes Wiriles;4;LAB. KECERDASAN ARTIFISIAL;R.4.04;Ruckus;2014;FST;1;BAIK
576;3.05.02.01.002;Mouse ;4;LAB. KECERDASAN ARTIFISIAL;R.4.04;HP;2011;FST;25;BAIK
577;3.05.02.01.002;Keyboard;4;LAB. KECERDASAN ARTIFISIAL;R.4.04;;2011;FST;25;BAIK
578;3.05.01.04.005;Lemari Besi 2 Pintu;4;LAB. KECERDASAN ARTIFISIAL;R.4.04;Innola;2002;FST;1;BAIK
579;;Meja Komputer Panjang;4;LAB. KECERDASAN ARTIFISIAL;R.4.06;Olimpic;2011;FST;13;BAIK
580;3.05.02.01.003;Monitor;4;LAB. KECERDASAN ARTIFISIAL;R.4.06;HP;2011;FST;25;BAIK
581;3.05.02.01.002;CPU;4;LAB. KECERDASAN ARTIFISIAL;R.4.06;HP;2011;FST;25;BAIK
582;3.05.02.01.002;Kursi Besi/Chitose;4;LAB. KECERDASAN ARTIFISIAL;R.4.06;Ataka;2011;FST;25;BAIK
583;3.05.01.05.010;White Board;4;LAB. KECERDASAN ARTIFISIAL;R.4.06;;2011;FST;1;BAIK
584;3.05.01.05.048;Infocus;4;LAB. KECERDASAN ARTIFISIAL;R.4.06;Infocus;2009;FST;1;BAIK
585;3.05.02.04.004;AC Split 2 PK.;4;LAB. KECERDASAN ARTIFISIAL;R.4.06;Panasonic;2016;FST;2;BAIK
586;3.05.01.05.048;Layar Infocus;4;LAB. KECERDASAN ARTIFISIAL;R.4.06;Infocus;2009;FST;1;BAIK
587;3.05.01.05.007;CCTV;4;LAB. KECERDASAN ARTIFISIAL;R.4.06;SPC;2019;FST;1;BAIK
588;3.05.01.05.007;Componentes Wiriles;4;LAB. KECERDASAN ARTIFISIAL;R.4.06;Ruckus;2014;FST;1;BAIK
589;3.05.02.01.002;Mouse ;4;LAB. KECERDASAN ARTIFISIAL;R.4.06;HP;2011;FST;25;BAIK
590;3.05.02.01.002;Keyboard;4;LAB. KECERDASAN ARTIFISIAL;R.4.06;;2011;FST;25;BAIK
591;3.05.01.04.005;Lemari Besi 2 Pintu;4;LAB. KECERDASAN ARTIFISIAL;R.4.04;Innola;2002;FST;1;BAIK
592;;Meja Komputer Panjang;4;LAB. REGULER;R.4.07;Olimpic;2011;FST;13;BAIK
593;3.05.02.01.003;Kursi Besi/Chitose;4;LAB. REGULER;R.4.07;Ataka;2011;FST;25;BAIK
594;3.05.02.01.002;Monitor;4;LAB. REGULER;R.4.07;HP;2011;FST;25;BAIK
595;3.05.02.01.002;CPU;4;LAB. REGULER;R.4.07;HP;2011;FST;25;BAIK
596;3.05.01.05.010;White Board;4;LAB. REGULER;R.4.07;;2011;FST;1;BAIK
597;3.05.01.05.048;Infocus;4;LAB. REGULER;R.4.07;Infocus;2009;FST;1;BAIK
598;3.05.02.04.004;AC Split 2 PK.;4;LAB. REGULER;R.4.07;Panasonic;2016;FST;2;BAIK
599;3.05.01.05.048;Layar Infocus;4;LAB. REGULER;R.4.07;Infocus;2009;FST;1;BAIK
600;3.05.01.05.007;CCTV;4;LAB. REGULER;R.4.07;SPC;2019;FST;1;BAIK
601;3.05.01.05.007;Componentes Wiriles;4;LAB. REGULER;R.4.07;Ruckus;2014;FST;1;BAIK
602;3.05.02.01.002;Mouse ;4;LAB. REGULER;R.4.07;HP;2011;FST;25;BAIK
603;3.05.02.01.002;Keyboard;4;LAB. REGULER;R.4.07;;2011;FST;25;BAIK
604;3.05.02.01.002;Meja Biro;4;ADMINISTRASI JURUSAN TEKNIK INFORMATIKA;R.4.08;;2011;FST;2;BAIK
605;3.05.02.01.003;Kursi Besi/Chitose;4;ADMINISTRASI JURUSAN TEKNIK INFORMATIKA;R.4.08;Ataka;2011;FST;8;BAIK
606;3.05.02.01.002;Monitor;4;ADMINISTRASI JURUSAN TEKNIK INFORMATIKA;R.4.08;HP;2011;FST;21;BAIK
607;3.05.02.01.002;CPU;4;ADMINISTRASI JURUSAN TEKNIK INFORMATIKA;R.4.08;HP;2011;FST;26;BAIK
608;;Dispenser;4;ADMINISTRASI JURUSAN TEKNIK INFORMATIKA;R.4.08;;2020;FST;1;BAIK
609;3.05.01.05.048;Infocus;4;ADMINISTRASI JURUSAN TEKNIK INFORMATIKA;R.4.08;Infocus;2009;FST;1;BAIK
610;3.05.02.04.004;AC Split 2 PK.;4;ADMINISTRASI JURUSAN TEKNIK INFORMATIKA;R.4.08;Daikin;2016;FST;2;BAIK
611;3.05.02.01.003;Kursi Dosen;4;ADMINISTRASI JURUSAN TEKNIK INFORMATIKA;R.4.08;;;FST;7;BAIK
612;3.05.01.05.007;CCTV;4;ADMINISTRASI JURUSAN TEKNIK INFORMATIKA;R.4.08;SPC;2019;FST;1;BAIK
613;3.05.01.05.007;Componentes Wiriles;4;ADMINISTRASI JURUSAN TEKNIK INFORMATIKA;R.4.08;Ruckus;2014;FST;1;BAIK
614;3.05.02.01.002;Mouse ;4;ADMINISTRASI JURUSAN TEKNIK INFORMATIKA;R.4.08;HP;2011;FST;4;BAIK
615;3.05.02.01.002;Keyboard;4;ADMINISTRASI JURUSAN TEKNIK INFORMATIKA;R.4.08;;2011;FST;4;BAIK
616;3.05.02.01.002;Meja 1/2 Biro;4;ADMINISTRASI JURUSAN TEKNIK INFORMATIKA;R.4.08;;2019;FST;7;BAIK
617;3.05.02.01.003;Kursi Besi Dosen;4;ADMINISTRASI JURUSAN TEKNIK INFORMATIKA;R.4.08;;2011;FST;14;BAIK
618;3.10.02.030.007;Plinter 1C3617;4;ADMINISTRASI JURUSAN TEKNIK INFORMATIKA;R.4.08;Brader;2011;FST;1;BAIK
619;3.10.02.030.007;Printer M200;4;ADMINISTRASI JURUSAN TEKNIK INFORMATIKA;R.4.08;Epson;2019;FST;1;BAIK
620;3.05.01.04.001;Loker Besi 6 Pintu;4;ADMINISTRASI JURUSAN TEKNIK INFORMATIKA;R.4.08;;2011;FST;3;BAIK
621;3.05.01.04.002;Lemari Kaca Besar;4;ADMINISTRASI JURUSAN TEKNIK INFORMATIKA;R.4.08;;2011;FST;3;BAIK
622;3.05.01.04.001;Rak Buku Besi;4;ADMINISTRASI JURUSAN TEKNIK INFORMATIKA;R.4.08;;2019;FST;6;BAIK
623;3050105061;Mesin Penghancur Kertas;4;ADMINISTRASI JURUSAN TEKNIK INFORMATIKA;R.4.08;;2011;FST;1;BAIK
624;3.10.02.030.007;Printer 13150;4;ADMINISTRASI JURUSAN TEKNIK INFORMATIKA;R.4.08;Epson;2011;FST;1;BAIK
625;3.05.02.01.002;Meja 1/2 Biro;4;RUANG KULIAH;R.4.09;;2011;FST;1;BAIK
626;3.05.02.06.002;"Televisi/TV. 46""";4;RUANG KULIAH;R.4.09;Samsung;2011;FST;1;BAIK
627;3.05.02.01.003;Kursi Kuliah;4;RUANG KULIAH;R.4.09;Innola;2014;FST;47;BAIK
628;3.05.02.01.003;Kursi Besi/Chitose;4;RUANG KULIAH;R.4.09;Ataka;2011;FST;1;BAIK
629;3.05.01.05.010;White Board;4;RUANG KULIAH;R.4.09;;2011;FST;1;BAIK
630;3.05.01.05.048;Infocus;4;RUANG KULIAH;R.4.09;Infocus;2009;FST;1;BAIK
631;3.05.02.04.004;AC Split 2 PK.;4;RUANG KULIAH;R.4.09;Panasonic;2016;FST;2;BAIK
632;3.05.01.05.048;Layar Infocus;4;RUANG KULIAH;R.4.09;Infocus;2009;FST;1;BAIK
633;3.05.01.05.007;CCTV;4;RUANG KULIAH;R.4.09;SPC;2019;FST;1;BAIK
634;3.05.01.05.007;Componentes Wiriles;4;RUANG KULIAH;R.4.09;Ruckus;2014;FST;1;BAIK
635;3.05.01.05.010;White Board Baru;4;RUANG KULIAH;R.4.09;;2024;PUSAT;1;BAIK
636;3.05.02.06.012;Mesin Cetak Baliho;4;RUANG KULIAH;R.4.09;2116L29013x9;2021;FST;1;BAIK
637;3.05.02.01.002;Meja 1/2 Biro;4;RUANG KULIAH;R.4.10;;2011;FST;1;BAIK
638;3.05.02.06.002;"Televisi/TV. 46""";4;RUANG KULIAH;R.4.10;Samsung;2011;FST;1;BAIK
639;3.05.02.01.003;Kursi Kuliah;4;RUANG KULIAH;R.4.10;Innola;2014;FST;47;BAIK
640;3.05.02.01.003;Kursi Besi/Chitose;4;RUANG KULIAH;R.4.10;Ataka;2011;FST;1;BAIK
641;3.05.01.05.010;White Board;4;RUANG KULIAH;R.4.10;;2011;PUSAT;1;BAIK
642;3.05.01.05.048;Infocus;4;RUANG KULIAH;R.4.10;Infocus;2009;FST;1;BAIK
643;3.05.02.04.004;AC;4;RUANG KULIAH;R.4.10;Panasonic;2016;FST;2;BAIK
644;3.05.01.05.048;Layar Infocus;4;RUANG KULIAH;R.4.10;Infocus;2009;FST;1;BAIK
645;3.05.01.05.007;CCTV;4;RUANG KULIAH;R.4.10;SPC;2019;FST;1;BAIK
646;3.05.01.05.007;Componentes Wiriles;4;RUANG KULIAH;R.4.10;Ruckus;2014;FST;1;BAIK
647;3.05.02.01.002;Meja 1/2 Biro;4;RUANG KULIAH;R.4.11;;2011;FST;1;BAIK
648;3.05.02.06.002;"Televisi/TV. 46""";4;RUANG KULIAH;R.4.11;Samsung;2011;FST;1;BAIK
649;3.05.02.01.003;Kursi Kuliah;4;RUANG KULIAH;R.4.11;Innola;2014;FST;47;BAIK
650;3.05.02.01.003;Kursi Besi/Chitose;4;RUANG KULIAH;R.4.11;Ataka;2011;FST;1;BAIK
651;3.05.01.05.010;White Board;4;RUANG KULIAH;R.4.11;;2011;PUSAT;1;BAIK
652;3.05.01.05.048;Infocus;4;RUANG KULIAH;R.4.11;Infocus;2009;FST;1;BAIK
653;3.05.02.04.004;AC;4;RUANG KULIAH;R.4.11;Panasonic;2016;FST;2;BAIK
654;3.05.01.05.048;Layar Infocus;4;RUANG KULIAH;R.4.11;Infocus;2009;FST;1;BAIK
655;3.05.01.05.007;CCTV;4;RUANG KULIAH;R.4.11;SPC;2019;FST;1;BAIK
656;3.05.01.05.007;Componentes Wiriles;4;RUANG KULIAH;R.4.11;Ruckus;2014;FST;1;BAIK
657;3.05.02.01.002;Meja 1/2 Biro;4;RUANG KULIAH;R.4.12;;2011;FST;1;BAIK
658;3.05.02.06.002;"Televisi/TV. 46""";4;RUANG KULIAH;R.4.12;Samsung;2011;FST;1;BAIK
659;3.05.02.01.003;Kursi Kuliah;4;RUANG KULIAH;R.4.12;Innola;2014;FST;47;BAIK
660;3.05.02.01.003;Kursi Besi/Chitose;4;RUANG KULIAH;R.4.12;Ataka;2011;FST;1;BAIK
661;3.05.01.05.010;White Board;4;RUANG KULIAH;R.4.12;;2011;PUSAT;1;BAIK
662;3.05.01.05.048;Infocus;4;RUANG KULIAH;R.4.12;Infocus;2009;FST;1;BAIK
663;3.05.02.04.004;AC;4;RUANG KULIAH;R.4.12;Panasonic;2016;FST;2;BAIK
664;3.05.01.05.048;Layar Infocus;4;RUANG KULIAH;R.4.12;Infocus;2009;FST;1;BAIK
665;3.05.01.05.007;CCTV;4;RUANG KULIAH;R.4.12;SPC;2019;FST;1;BAIK
666;3.05.01.05.007;Componentes Wiriles;4;RUANG KULIAH;R.4.12;Ruckus;2014;FST;1;BAIK
667;3.05.01.05.010;White Board Baru;4;RUANG KULIAH;R.4.12;;2024;PUSAT;2;BAIK
668;3100203017;Storage PC (SSD 1 TB);4;SELASAR;R.4.13;Kayu;2023;FST;25;BAIK
669;3060102061;Tripod Video;4;SELASAR;R.4.13;Artaka;2023;FST;3;BAIK
670;3060102061;Camcorder;4;SELASAR;R.4.13;Innola;2023;FST;2;BAIK
671;3060102061;Lensa Kamera;4;SELASAR;R.4.13;CPU;2023;FST;1;BAIK
672;3060102061;Profesional Headphone;4;SELASAR;R.4.13;HP/Acer;2023;FST;5;BAIK
673;3100102999;Power Distribution Unit;4;SELASAR;R.4.13;HP;2023;FST;2;BAIK
674;3080112025;Gimbal HP;4;SELASAR;R.4.13;LG;2023;FST;1;BAIK
675;3080112025;Gimbal Kamera;4;SELASAR;R.4.13;Barata/Ellite;2023;FST;1;BAIK
676;3100203017;Memory PC DDR 3 8GB;4;SELASAR;R.4.13;Lokal;2023;FST;30;BAIK
677;3050206015;Microphone Desk Stand;4;SELASAR;R.4.13;Al-Masoem;2023;FST;4;BAIK
678;3050201002;Meja Kursi Custom di Selasar Lantai 4 IF;4;SELASAR;R.4.13;;2024;FST;5;BAIK
